{
    "foreground_intensity_properties_per_channel": {
        "0": {
            "max": 143.20437622070312,
            "mean": 79.22810363769531,
            "median": 77.4511489868164,
            "min": 15.35413932800293,
            "percentile_00_5": 48.390281677246094,
            "percentile_99_5": 116.45834350585938,
            "std": 13.619216918945312
        }
    },
    "median_relative_size_after_cropping": 1.0,
    "shapes_after_crop": [
        [
            306,
            1,
            200
        ],
        [
            306,
            1,
            200
        ],
        [
            306,
            1,
            200
        ],
        [
            306,
            1,
            200
        ],
        [
            306,
            1,
            200
        ],
        [
            306,
            1,
            200
        ],
        [
            306,
            1,
            200
        ],
        [
            306,
            1,
            200
        ],
        [
            306,
            1,
            200
        ]
    ],
    "spacings": [
        [
            0.07500000298023224,
            0.07534246891736984,
            0.07516340166330338
        ],
        [
            0.07500000298023224,
            0.07534246891736984,
            0.07516340166330338
        ],
        [
            0.07500000298023224,
            0.07534246891736984,
            0.07516340166330338
        ],
        [
            0.07500000298023224,
            0.07534246891736984,
            0.07516340166330338
        ],
        [
            0.07500000298023224,
            0.07534246891736984,
            0.07516340166330338
        ],
        [
            0.07500000298023224,
            0.07534246891736984,
            0.07516340166330338
        ],
        [
            0.07500000298023224,
            0.07534246891736984,
            0.07516340166330338
        ],
        [
            0.07500000298023224,
            0.07534246891736984,
            0.07516340166330338
        ],
        [
            0.07500000298023224,
            0.07534246891736984,
            0.07516340166330338
        ]
    ]
}